{
    "chunks": [
        {
            "number": "12",
            "title": "Exercise 1 - Pure HTML Media Player",
            "start": 0.0,
            "end": 6.5600000000000005,
            "text": " Guys, in today's video, I will give you an exercise and whoever solves this exercise, I will give a shoutout to them."
        },
        {
            "number": "12",
            "title": "Exercise 1 - Pure HTML Media Player",
            "start": 6.5600000000000005,
            "end": 9.76,
            "text": " So, write in the comment section, Challenge Accepted."
        },
        {
            "number": "12",
            "title": "Exercise 1 - Pure HTML Media Player",
            "start": 9.76,
            "end": 15.32,
            "text": " If you accept my challenge, I will give you a question and you have to solve it."
        },
        {
            "number": "12",
            "title": "Exercise 1 - Pure HTML Media Player",
            "start": 15.32,
            "end": 21.04,
            "text": " And it will be based on the concepts we have studied in the Sigma Web Development course."
        },
        {
            "number": "12",
            "title": "Exercise 1 - Pure HTML Media Player",
            "start": 21.04,
            "end": 24.04,
            "text": " So, I am very excited to give you a question."
        },
        {
            "number": "12",
            "title": "Exercise 1 - Pure HTML Media Player",
            "start": 24.04,
            "end": 25.96,
            "text": " I hope you are equally excited."
        },
        {
            "number": "12",
            "title": "Exercise 1 - Pure HTML Media Player",
            "start": 25.96,
            "end": 27.36,
            "text": " Let's roll the intro."
        },
        {
            "number": "12",
            "title": "Exercise 1 - Pure HTML Media Player",
            "start": 30.0,
            "end": 38.0,
            "text": " So, guys, I am on my computer screen."
        },
        {
            "number": "12",
            "title": "Exercise 1 - Pure HTML Media Player",
            "start": 38.0,
            "end": 43.0,
            "text": " As you can see, if you have not accessed the playlist yet, then you can click here and bookmark this playlist."
        },
        {
            "number": "12",
            "title": "Exercise 1 - Pure HTML Media Player",
            "start": 43.0,
            "end": 45.0,
            "text": " Click here and save it."
        },
        {
            "number": "12",
            "title": "Exercise 1 - Pure HTML Media Player",
            "start": 45.0,
            "end": 49.0,
            "text": " And if you have not accessed the code, then it is also updated on GitHub till video 11."
        },
        {
            "number": "12",
            "title": "Exercise 1 - Pure HTML Media Player",
            "start": 49.0,
            "end": 52.0,
            "text": " And I will keep updating as the videos move forward."
        },
        {
            "number": "12",
            "title": "Exercise 1 - Pure HTML Media Player",
            "start": 52.0,
            "end": 56.0,
            "text": " Now, the question I want to give you, I will make a folder first."
        },
        {
            "number": "12",
            "title": "Exercise 1 - Pure HTML Media Player",
            "start": 56.0,
            "end": 59.0,
            "text": " I will definitely keep the name of the folder as Video 12."
        },
        {
            "number": "12",
            "title": "Exercise 1 - Pure HTML Media Player",
            "start": 59.0,
            "end": 61.0,
            "text": " I will click on the shift right and open with code."
        },
        {
            "number": "12",
            "title": "Exercise 1 - Pure HTML Media Player",
            "start": 61.0,
            "end": 63.0,
            "text": " And everyone is accepting this challenge."
        },
        {
            "number": "12",
            "title": "Exercise 1 - Pure HTML Media Player",
            "start": 63.0,
            "end": 65.0,
            "text": " If you accept, I will feel good from the heart."
        },
        {
            "number": "12",
            "title": "Exercise 1 - Pure HTML Media Player",
            "start": 65.0,
            "end": 72.0,
            "text": " What are you doing here that I will make an index.html here and I will give you a question."
        },
        {
            "number": "12",
            "title": "Exercise 1 - Pure HTML Media Player",
            "start": 72.0,
            "end": 79.0,
            "text": " So, the question is, you are given 12 video files."
        },
        {
            "number": "12",
            "title": "Exercise 1 - Pure HTML Media Player",
            "start": 79.0,
            "end": 82.0,
            "text": " 12 files, 6 audio and 6 video."
        },
        {
            "number": "12",
            "title": "Exercise 1 - Pure HTML Media Player",
            "start": 84.0,
            "end": 85.0,
            "text": " And 6 video."
        },
        {
            "number": "12",
            "title": "Exercise 1 - Pure HTML Media Player",
            "start": 85.0,
            "end": 95.0,
            "text": " Design a website using HTML only and which shows these 12 files."
        },
        {
            "number": "12",
            "title": "Exercise 1 - Pure HTML Media Player",
            "start": 95.0,
            "end": 99.0,
            "text": " I will do a little toggle word wrap here so that you can see."
        },
        {
            "number": "12",
            "title": "Exercise 1 - Pure HTML Media Player",
            "start": 99.0,
            "end": 103.0,
            "text": " So what you have to do is that you have been given 12 files."
        },
        {
            "number": "12",
            "title": "Exercise 1 - Pure HTML Media Player",
            "start": 103.0,
            "end": 105.0,
            "text": " And what is the name of those files?"
        },
        {
            "number": "12",
            "title": "Exercise 1 - Pure HTML Media Player",
            "start": 105.0,
            "end": 107.0,
            "text": " 1.mp3, 2.mp3."
        },
        {
            "number": "12",
            "title": "Exercise 1 - Pure HTML Media Player",
            "start": 108.0,
            "end": 111.0,
            "text": " So I will tell you what is the name of those files."
        },
        {
            "number": "12",
            "title": "Exercise 1 - Pure HTML Media Player",
            "start": 111.0,
            "end": 115.0,
            "text": " 1.mp3, 2.mp3, all the way till 6.mp3."
        },
        {
            "number": "12",
            "title": "Exercise 1 - Pure HTML Media Player",
            "start": 115.0,
            "end": 117.0,
            "text": " These are your mp3 files."
        },
        {
            "number": "12",
            "title": "Exercise 1 - Pure HTML Media Player",
            "start": 117.0,
            "end": 123.0,
            "text": " Then you have 1.mp4, 2.mp4, all the way till 6.mp4."
        },
        {
            "number": "12",
            "title": "Exercise 1 - Pure HTML Media Player",
            "start": 123.0,
            "end": 125.0,
            "text": " Okay, you have these files."
        },
        {
            "number": "12",
            "title": "Exercise 1 - Pure HTML Media Player",
            "start": 125.0,
            "end": 129.0,
            "text": " So all these files, these 12 files, you have to show by previewing."
        },
        {
            "number": "12",
            "title": "Exercise 1 - Pure HTML Media Player",
            "start": 129.0,
            "end": 131.0,
            "text": " So I hope it will be done."
        },
        {
            "number": "12",
            "title": "Exercise 1 - Pure HTML Media Player",
            "start": 131.0,
            "end": 133.0,
            "text": " It's a very simple question."
        },
        {
            "number": "12",
            "title": "Exercise 1 - Pure HTML Media Player",
            "start": 133.0,
            "end": 137.0,
            "text": " And you guys comment quickly and write Challenge Accepted."
        },
        {
            "number": "12",
            "title": "Exercise 1 - Pure HTML Media Player",
            "start": 137.0,
            "end": 141.0,
            "text": " Because if you accept this challenge, then you write Challenge Accepted in the first time."
        },
        {
            "number": "12",
            "title": "Exercise 1 - Pure HTML Media Player",
            "start": 141.0,
            "end": 145.0,
            "text": " And whoever will give me their code here, I will give them a shoutout."
        },
        {
            "number": "12",
            "title": "Exercise 1 - Pure HTML Media Player",
            "start": 145.0,
            "end": 148.0,
            "text": " The one who writes Challenge Accepted will get a shoutout for sure."
        },
        {
            "number": "12",
            "title": "Exercise 1 - Pure HTML Media Player",
            "start": 148.0,
            "end": 151.0,
            "text": " And you guys tell me in the comment section."
        },
        {
            "number": "12",
            "title": "Exercise 1 - Pure HTML Media Player",
            "start": 151.0,
            "end": 153.0,
            "text": " So I hope you guys will complete it."
        },
        {
            "number": "12",
            "title": "Exercise 1 - Pure HTML Media Player",
            "start": 153.0,
            "end": 155.0,
            "text": " And it's a very simple problem."
        },
        {
            "number": "12",
            "title": "Exercise 1 - Pure HTML Media Player",
            "start": 155.0,
            "end": 158.0,
            "text": " I know a lot of people will say that it's very simple."
        },
        {
            "number": "12",
            "title": "Exercise 1 - Pure HTML Media Player",
            "start": 158.0,
            "end": 161.0,
            "text": " One more thing I will expect from you guys is that you try to do."
        },
        {
            "number": "12",
            "title": "Exercise 1 - Pure HTML Media Player",
            "start": 161.0,
            "end": 165.0,
            "text": " Try to use all the concepts I have told you as much as possible."
        },
        {
            "number": "12",
            "title": "Exercise 1 - Pure HTML Media Player",
            "start": 165.0,
            "end": 167.0,
            "text": " In solving this question."
        },
        {
            "number": "12",
            "title": "Exercise 1 - Pure HTML Media Player",
            "start": 167.0,
            "end": 169.0,
            "text": " So this was our question for today."
        },
        {
            "number": "12",
            "title": "Exercise 1 - Pure HTML Media Player",
            "start": 169.0,
            "end": 171.0,
            "text": " I hope you guys enjoyed it."
        },
        {
            "number": "12",
            "title": "Exercise 1 - Pure HTML Media Player",
            "start": 171.0,
            "end": 173.0,
            "text": " I will select it and do Ctrl Forward Slash."
        },
        {
            "number": "12",
            "title": "Exercise 1 - Pure HTML Media Player",
            "start": 173.0,
            "end": 176.0,
            "text": " And what happens by doing Ctrl Forward Slash?"
        },
        {
            "number": "12",
            "title": "Exercise 1 - Pure HTML Media Player",
            "start": 176.0,
            "end": 178.0,
            "text": " You can uncomment or comment."
        },
        {
            "number": "12",
            "title": "Exercise 1 - Pure HTML Media Player",
            "start": 178.0,
            "end": 180.0,
            "text": " So if I press Ctrl Forward Slash, then it will be uncomment."
        },
        {
            "number": "12",
            "title": "Exercise 1 - Pure HTML Media Player",
            "start": 180.0,
            "end": 184.0,
            "text": " And if I press Ctrl Forward Slash again, then it will be comment."
        },
        {
            "number": "12",
            "title": "Exercise 1 - Pure HTML Media Player",
            "start": 184.0,
            "end": 186.0,
            "text": " So you have to complete this website."
        },
        {
            "number": "12",
            "title": "Exercise 1 - Pure HTML Media Player",
            "start": 186.0,
            "end": 188.0,
            "text": " It's a very simple problem."
        },
        {
            "number": "12",
            "title": "Exercise 1 - Pure HTML Media Player",
            "start": 188.0,
            "end": 190.0,
            "text": " It's a straightforward problem."
        },
        {
            "number": "12",
            "title": "Exercise 1 - Pure HTML Media Player",
            "start": 190.0,
            "end": 192.0,
            "text": " Everyone must solve it."
        },
        {
            "number": "12",
            "title": "Exercise 1 - Pure HTML Media Player",
            "start": 192.0,
            "end": 194.0,
            "text": " So that's it for this video."
        },
        {
            "number": "12",
            "title": "Exercise 1 - Pure HTML Media Player",
            "start": 194.0,
            "end": 196.0,
            "text": " Thank you so much for watching this video."
        },
        {
            "number": "12",
            "title": "Exercise 1 - Pure HTML Media Player",
            "start": 196.0,
            "end": 199.0,
            "text": " And I will see you next time."
        },
        {
            "number": "12",
            "title": "Exercise 1 - Pure HTML Media Player",
            "start": 199.0,
            "end": 201.0,
            "text": " How to solve a problem in Android?"
        },
        {
            "number": "12",
            "title": "Exercise 1 - Pure HTML Media Player",
            "start": 201.0,
            "end": 203.0,
            "text": " Watch this video till the end."
        },
        {
            "number": "12",
            "title": "Exercise 1 - Pure HTML Media Player",
            "start": 203.0,
            "end": 205.0,
            "text": " And don't forget to subscribe to my channel."
        },
        {
            "number": "12",
            "title": "Exercise 1 - Pure HTML Media Player",
            "start": 205.0,
            "end": 207.0,
            "text": " See you in the next video."
        },
        {
            "number": "12",
            "title": "Exercise 1 - Pure HTML Media Player",
            "start": 207.0,
            "end": 209.0,
            "text": " Bye."
        }
    ],
    "text": " Guys, in today's video, I will give you an exercise and whoever solves this exercise, I will give a shoutout to them. So, write in the comment section, Challenge Accepted. If you accept my challenge, I will give you a question and you have to solve it. And it will be based on the concepts we have studied in the Sigma Web Development course. So, I am very excited to give you a question. I hope you are equally excited. Let's roll the intro. So, guys, I am on my computer screen. As you can see, if you have not accessed the playlist yet, then you can click here and bookmark this playlist. Click here and save it. And if you have not accessed the code, then it is also updated on GitHub till video 11. And I will keep updating as the videos move forward. Now, the question I want to give you, I will make a folder first. I will definitely keep the name of the folder as Video 12. I will click on the shift right and open with code. And everyone is accepting this challenge. If you accept, I will feel good from the heart. What are you doing here that I will make an index.html here and I will give you a question. So, the question is, you are given 12 video files. 12 files, 6 audio and 6 video. And 6 video. Design a website using HTML only and which shows these 12 files. I will do a little toggle word wrap here so that you can see. So what you have to do is that you have been given 12 files. And what is the name of those files? 1.mp3, 2.mp3. So I will tell you what is the name of those files. 1.mp3, 2.mp3, all the way till 6.mp3. These are your mp3 files. Then you have 1.mp4, 2.mp4, all the way till 6.mp4. Okay, you have these files. So all these files, these 12 files, you have to show by previewing. So I hope it will be done. It's a very simple question. And you guys comment quickly and write Challenge Accepted. Because if you accept this challenge, then you write Challenge Accepted in the first time. And whoever will give me their code here, I will give them a shoutout. The one who writes Challenge Accepted will get a shoutout for sure. And you guys tell me in the comment section. So I hope you guys will complete it. And it's a very simple problem. I know a lot of people will say that it's very simple. One more thing I will expect from you guys is that you try to do. Try to use all the concepts I have told you as much as possible. In solving this question. So this was our question for today. I hope you guys enjoyed it. I will select it and do Ctrl Forward Slash. And what happens by doing Ctrl Forward Slash? You can uncomment or comment. So if I press Ctrl Forward Slash, then it will be uncomment. And if I press Ctrl Forward Slash again, then it will be comment. So you have to complete this website. It's a very simple problem. It's a straightforward problem. Everyone must solve it. So that's it for this video. Thank you so much for watching this video. And I will see you next time. How to solve a problem in Android? Watch this video till the end. And don't forget to subscribe to my channel. See you in the next video. Bye."
}